"76","ученые","title"
"5","МФТИ","title"
"5","МКС","title"
"7","Naked","title"
"7","отправили","title"
"95","МФТИ","title"
"4","МКС","title"
"6","ученые","title"
"5","отправили","title"
"76","Суперклетки поглощают чужие гены и заставляют их работать себе на благо","title"
"6","Суперклетки поглощают чужие гены и заставляют их работать себе на благо","title"
"6","Суперклетки поглощают чужие гены и заставляют их работать себе на благо","title"
"5","Суперклетки поглощают чужие гены и заставляют их работать себе на благо","title"
"5","Супеерклетки поглощают чужие гены и заставляют их работать себе на благо","title"
"5","Супекерклетки поглощают чужие гены и заставляют их работать себе на благо","title"
"4","МФТИ","title"
"104","МФТИ","title"
"6","ученые","title"
"5","ученыек","title"
"73","ученые","title"
"5","Суперклетки поглощают чужие гены и заставляют их работать себе на благо","title"
"5","Обсидиановые ножи стали доказательством демографического взрыва неолита","title"
"71","ученые","title"
"5","МФТИ","title"
"5","МКС","title"
"93","МФТИ","title"
"6","ученые","title"
"95","ученые","title"
"8","Суперклетки поглощают чужие гены и заставляют их работать себе на благо","title"
"7","Суперклетки поглощают чужие гены и заставляют их работать себе на благо","title"
"7","Суперклетки поглощают чужие гены и заставляют их работать себе на благо","title"
"8","Суперклетки поглощают чужие гены и заставляют их работать себе на благо","title"
"132","ученые","title"
"8","Ученые выявили роль префронтальной коры в принятии рискованных решений","title"
"7","Ученыffе выявили роль префронтальной коры в принятии рискованных решений","title"
"7","ученые","title"
"7","Ученые выявили роль префронтальной коры в принятии рискованных решений","title"
"6","Ученые выявили роль префронтальной коры в принятии рискованных решений","title"
"113","Ученые выявили роль префронтальной коры в принятии рискованных решений","title"
"8","Ученые выявили роль префронтальной коры в принятии рискованных решений","title"
"13","Ученые выявили роль префронтальной коры в принятии рискованных решений","title"
"8","Ученые выявили роль префронтальной коры в принятии рискованных решений","title"
"9","Ученые выявили роль префронтальной коры в принятии рискованных решений","title"
"7","Ученые выявили роль префронтальной коры в принятии рискованных решений","title"
"7","Ученые выявили роль префронтальной коры в принятии рискованных решений","title"
"7","Ученые выявили роль префронтальной коры в принятии рискованных решений","title"
"7","Ученые выявили роль префронтальной коры в принятии рискованных решений","title"
"7","Ученые выявили роль префронтальной коры в принятии рискованных решений","title"
"6","Ученые выявили роль ","title"
"6","Ученые выявили роль ","title"
"8","Ученые выявили роль ","title"
"8","Ученые выявили роль ","title"
"7","Ученые выявили роль ","title"
"133","Ученые выявили роль ","title"
"8","Ученые выявили роль ","title"
"7","Ученые выявили роль ","title"
"7","Ученые выявили роль ","title"
"8","Ученые выявили роль ","title"
"362","МФТИ","title"
"8","МКС","title"
"7","отправили","title"
"8","Суперклетки поглощают чужие гены и заставляют их работать себе на благо","title"
"8","ученые","title"
"7","Ученые","title"
"103","Ученыеj","title"
"110","Суперклетки поглощают","title"
"119","МФТИ","title"
"10","ученые","title"
"8","Суперклетки поглощают","title"
"78","ученые","title"
"145","ученые","title"
"5","ученыеr","title"
"5","ученые","title"
"77","ученые","title"
"5","ученыек","title"
"95","Ученые","title"
"97","Ученые","title"
"112","ученые","title"
"6","ученые","title"
"5","ученые","title"
"5","ученые","title"
"6","ученые","title"
"5","ученые","title"
"5","ученые","title"
"4","ученые","title"
"4","ученые","title"
"4","ученые","title"
"5","ученые","title"
"118","ученые","title"
"5","ученые","title"
"7","МФТИ","title"
"5","МГ","title"
"158","Начавшиеся проигрыши в азартных играх значительно повысили риск сам","title"
"7","Начавшиеся","title"
"7","тарифы","title"
"5","тарифы","title"
"157","играх","title"
"7","играх","title"
"5","играх","title"
"164","играх","title"
"12","играх","title"
"7","играх","title"
"7","ИИ","title"
"8","ИИ","title"
"6","МГППУ","title"
"6","В МГППУ изучили квазидвижения","title"
"8","В МГППУ изучили квазидвижения","title"
"5","5G","title"
"4","5G","title"
"3","5","title"
"3","5","title"
"3","5G","title"
"3","5Gf","title"
"2","5G","title"
"3","tesla","title"
"3","tesla","title"
"2","tes","title"
"2","Tesla","title"
"3","Tesla","title"
"3","Tesl","title"
"3","Tes","title"
"4","Te","title"
"3","T","title"
"4","tesla","title"
"2","Станции Tesla впервые начали заряжать электромобили других производителей","title"
"3","Станции Tesla впервые начали заряжать электромобили других производителей","title"
"77","ученые","title"
"5","Немецкие ученые назвали основные признаки наличия сознания у животных","title"
"4","ученые","title"
"81","ученые","title"
"4","Немецкие","title"
"4","Немецкие ученые назвали основные признаки наличия сознания у животных","title"
"5","немецкие ученые назвали основные признаки наличия сознания у животных","title"
"4","немецкиек ученые назвали основные признаки наличия сознания у животных","title"
"73","ученые","title"
"4","МГППУ","title"
"112","кошек","title"
"5","собак","title"
"74","ученые","title"
"75","ученые","title"
"87","ученые","title"
"5","ученые","title"
"4","ученые","title"
"4","МФТИ","title"
"4","МФТИ","title"
"88","Суперклетки поглощают чужие гены и заставляют их работать себе на благо","title"
"7","Суперклетddvки поглощают чужие гены и заставляют их работать себе на благо","title"
"4","Суперклетdvки поглощают чужие гены и заставляют их работать себе на благо","title"
"5","ученые","title"
"4","МФТИ","title"
"4","Тюм","title"
"4","В ТюмГУ предложили меры по росту социальной активности на удаленных","title"
"4"," выявили роль","title"
"6","ученые","title"
"4","ученые","title"
"3","ученые","title"
"3","ученые","title"
"3","ученые","title"
"3","ученые","title"
"3","ученые","title"
"3","ученые","title"
"4","МФТИ","title"
"4","МКС","title"
"4","МФТИ","title"
"67","МФТИ","title"
"4","МФТИ","title"
"4","Ученые выявили роль префронтальной коры в принятии рискованных решений","title"
"4","Ученые выявили","title"
"4","ученые","title"
"4","МФТИ","title"
"84","МФТИ","title"
"4","МФТИ","title"
"72","МФТИ","title"
"70","МФТИ","title"
"73","Многочисленные дружеские связи улучшили здоровье кишечника","title"
"4","Lufthansa показала новый люкс первого класса с двуспальной кроватью и закрывающейся дверью","title"
"4","Lufthansaк показала новый люкс первого класса с двуспальной кроватью и закрывающейся дверью","title"
"4","Lufthansa показаккла новый люкс первого класса с двуспальной кроватью и закрывающейся дверью","title"
"5","Lufthansa показала новый люкс первого класса с двуспальной кроватью и закрывающейся дверью","title"
"4","Lufthansa показала новый люкс первого класса с двуспальной кроватью и закрывающейся дверью","title"
"4","Lufthansa показала новый люкс первого класса с двуспальной кроватью и закрывающейся дверью","title"
"4","Lufthansa показала новый люкс первого класса с двуспальной кроватью и закрывающейся дверью","title"
"4","Lufthansa показала новый люкс первого класса с двуспальной кроватью и закрывающейся дверью","title"
"2","Lufthansa показала новый люкс первого класса с двуспальной кроватью и закрывающейся дверью","title"
"3","Lufthansa показала новый люкс первого класса с двуспальной кроватью и закрывающейся дверью","title"
"4","Lufthansa показала новый люкс первого класса с двуспальной кроватью и закрывающейся дверью","title"
"3","Lufthansa","title"
"4","Lufthansaа","title"
"3","Lufthansa","title"
"5","Lufthans","title"
"4","Lufthan","title"
"4","Luftha","title"
"4","Luft","title"
"3","Lu","title"
"3","L","title"
"86","L","title"
"6","L","title"
"4","l","title"
"7","Нейросеть Stable Diffusion научили","title"
"4","Нейросетьdd Stable Diffusion научили","title"
"4","Нейросетьпп Stable Diffusion научили","title"
"4","Нейросеаать Stable Diffusion научили","title"
"5","Нейросеть Stable Diffusion научили","title"
"3","Нейросеть Stableу Diffusion научили","title"
"4","Нейросеть Stableу Diffusion научили","title"
"4","Нейросеть Stableув Diffusion научили","title"
"3","Нейросеть Stablee Diffusion научили","title"
"78","ТюмГУ","title"
"5","ученые","title"
"76","В России","title"
"4","Lufthansa","title"
"5","Lufthansa показ","title"
"4","Lufthansa показала","title"
"5","Lufthansa показала","title"
"5","показала","title"
"3","новый люкс","title"
"87","новый люкс","title"
"4","новый люк","title"
"4","класса","title"
"4","класа","title"
"77","ученые","title"
"82","ученые","title"
"4","ученые","title"
"4","ученые","title"
"4","ученые","title"
"3","ученые","title"
"3","ученые","title"
"3","ученые","title"
"4","ученые","title"
"68","ученые","title"
"4","ученые","title"
"3","ученые","title"
"3","ученые","title"
"3","ученые","title"
"4","ученые","title"
"4","Lufthansa","title"
"5","Lufthansa показала","title"
"3","Lufthansa показала","title"
"3","Lufthansa показала","title"
"2","Lufthansa показала","title"
"3","Lufthansa показала люкс","title"
"4","Lufthansa показала новый","title"
"4","Lufthansa показала новый","title"
"4","люкс","title"
